Model,F1 Score,Recall,Precision,C,penalty,max_depth,min_samples_split
LogisticRegression,0.24240023798001512,0.243,0.24299208404802264,0.1,l2,,
DecisionTreeClassifier,0.24560993812029647,0.2515,0.2518659859985275,,,7.0,10.0
